year,tau_nom,ef_siembra,ef_cosecha,ef_campana,brecha_cosecha
2011,0.35,0.35,0.35,0.35,0.0
2012,0.35,0.437,0.535,0.489,0.407
2013,0.35,0.469,0.617,0.561,0.698
2014,0.35,0.562,0.487,0.519,0.268
2015,0.35,0.543,0.524,0.527,0.369
2016,0.3,0.514,0.301,0.365,0.001
2017,0.3,0.302,0.3,0.301,0.0
2018,0.28,0.3,0.28,0.286,0.0
2019,0.3,0.28,0.3,0.294,0.0
2020,0.33,0.412,0.568,0.496,0.552
2021,0.33,0.616,0.583,0.59,0.607
2022,0.33,0.634,0.632,0.635,0.846
2023,0.33,0.56,0.592,0.596,0.665
2024,0.33,0.663,0.492,0.545,0.327
