year,Argentina,Brasil
1991,11.5,15.8
1992,11.4,19.3
1993,11.4,22.5
1994,12.4,24.7
1995,12.5,25.9
1996,12.5,24.2
1997,11.2,27.3
1998,19.5,32.5
1999,20.0,31.3
2000,21.2,34.7
2001,27.8,39.5
2002,30.0,43.5
2003,35.5,52.0
2004,33.0,51.0
2005,39.0,53.0
2006,40.5,57.0
2007,48.8,59.0
2008,46.2,61.0
2009,32.0,57.8
2010,54.5,69.0
2011,49.0,75.3
2012,40.1,66.5
2013,49.3,82.0
2014,53.4,86.2
2015,61.4,97.1
2016,58.8,95.7
2017,55.0,114.9
2018,37.8,123.4
2019,55.3,120.5
2020,48.8,128.5
2021,46.2,139.5
2022,43.9,130.5
2023,25.0,162.0
2024,48.2,154.5
2025,51.1,172.5
2026,49.5,180.5
2027,50.0,186.0
